{"id":1,"name":"Puneetha","age":26}
{"id":2,"name":"Bhoomika","age":23}
{"id":3,"name":"James","age":21}
{"id":4,"name":"Joe","age":19}
{"id":5,"name":"Conor Ryan","age":20}
{"id":6,"name":"Darragh","age":26}
{"id":7,"name":"Alan","age":31}
{"id":8,"name":"Amit","age":32}
{"id":9,"name":"Smitha","age":28}
{"id":10,"name":"Alex","age":30}
{"id":11,"name":"Denis","age":29}
{"id":12,"name":"Michal","age":34}
{"id":13,"name":"John Mathew","age":27}
{"id":14,"name":"Jim Parker","age":29}
{"id":15,"name":"Sophia Ran","age":25}
{"id":16,"name":"Wendi Blake","age":29}
{"id":17,"name":"Stephan Lai","age":32}
{"id":18,"name":"Fay Van Damme","age":22}
{"id":19,"name":"Brevin Dice","age":24}
{"id":20,"name":"Regina Oleveria","age":37}
{"id":21,"name":"Rajat","age":21}
{"id":22,"name":"Sheetal","age":32}
{"id":23,"name":"James","age":21}
{"id":23,"name":"James","age":21}
